Monday,1/1/0001,12:00 AM,12:00 AM,Unknown,Game,League,RichmondGirls Novice C2,VancouverGirls Novice C1,NL9007

Monday,1/1/0001,12:00 AM,12:00 AM,Unknown,Game,League,RichmondGirls Peewee A1,RichmondGirls Peewee A2,PL9017
Monday,1/1/0001,12:00 AM,12:00 AM,Unknown,Game,League,RichmondGirls Peewee A1,TriCitiesFemale Peewee A1,PL9038
Monday,1/1/0001,12:00 AM,12:00 AM,Unknown,Game,League,RichmondGirls Peewee A1,AbbotsfordFemale Peewee A1,PL9052
Monday,1/1/0001,12:00 AM,12:00 AM,Unknown,Game,League,RichmondGirls Peewee A1,VancouverGirls Peewee A1,PL9045

Monday,1/1/0001,12:00 AM,12:00 AM,Unknown,Game,League,RichmondGirls Peewee A2,TriCitiesFemale Peewee A1,PL9032
Monday,1/1/0001,12:00 AM,12:00 AM,Unknown,Game,League,RichmondGirls Peewee A2,RichmondGirls Peewee A1,PL9039
Monday,1/1/0001,12:00 AM,12:00 AM,Unknown,Game,League,RichmondGirls Peewee A2,VancouverGirls Peewee A1,PL9053

Thursday,11/27/2014,6:30 PM,8:00 PM,Garage,Game,League,RichmondGirls Midget C1,TriCitiesFemale Midget C3,ML9317

Monday,1/1/0001,12:00 AM,12:00 AM,Unknown,Game,League,RichmondGirls Midget A1,TriCitiesFemale Midget A1,ML9031
Monday,12/1/2014,7:45 PM,9:00 PM,Pond,Game,League,RichmondGirls Midget A1,SurreyFemale Midget A1,ML9052
