Monday,11/10/2014,7:45 PM,9:00 PM,Pond,Game,League,RichmondGirls Midget A1,AbbotsfordFemale Midget A1,ML9045
Wednesday,11/12/2014,6:00 PM,7:15 PM,Cloverdale,Game,League,SurreyFemale Peewee A1,RichmondGirls Peewee A1,PL9000
Wednesday,11/12/2014,6:30 PM,7:45 PM,Coliseum,Game,League,RichmondGirls Peewee C1,NorthShoreFemale Peewee C2,PL9543
Thursday,11/13/2014,6:15 PM,7:30 PM,HarryJerome,Game,League,NorthShoreFemale Atom C1,RichmondGirls Atom C1,AL9001
Thursday,11/13/2014,6:30 PM,8:00 PM,Garage,Game,League,RichmondGirls Midget C1,AbbotsfordFemale Midget C1,ML9301
Thursday,11/13/2014,8:00 PM,9:15 PM,Tilbury,Game,League,SouthDeltaFemale Bantam C1,RichmondGirls Bantam C1,BL9301
Friday,11/14/2014,7:30 PM,8:45 PM,IceSportsNorthShoreBlue,Game,League,NorthShoreFemale Bantam A1,RichmondGirls Bantam A1,BL9002
Friday,11/14/2014,7:45 PM,9:15 PM,Igloo,Game,League,RichmondGirls Bantam C2,LangleyGirls Bantam C1,BL9501
Friday,11/14/2014,8:30 PM,10:00 PM,Silver,Game,League,RichmondGirls Midget A1,AbbotsfordFemale Midget A1,ML9003
Saturday,11/15/2014,11:00 AM,12:15 PM,IceSportsNorthShoreRed,Game,League,NorthShoreFemale Peewee A1,RichmondGirls Peewee A2,PL9001
Saturday,11/15/2014,11:45 AM,1:00 PM,Pond,Game,League,RichmondGirls Atom C3,MeadowRidgeFemale Atom C2,AL9501
Saturday,11/15/2014,5:00 PM,6:30 PM,BellinghamSportsplex,Game,League,WesternWashingtonFemale Midget A1,RichmondGirls Midget A1,ML9005
Saturday,11/15/2014,5:45 PM,7:00 PM,Igloo,Game,League,RichmondGirls Bantam C1,SurreyFemale Bantam C1,BL9303
Saturday,11/15/2014,5:45 PM,7:00 PM,AbbotsfordMRC,Game,League,AbbotsfordFemale Bantam C1,RichmondGirls Bantam C2,BL9505
Saturday,11/15/2014,8:45 PM,10:00 PM,CoquitlamMain,Game,League,TriCitiesFemale Midget C1,RichmondGirls Midget C1,ML9306
Sunday,11/16/2014,9:15 AM,10:15 AM,Igloo,Game,League,RichmondGirls Novice C2,SurreyFemale Novice C1,NL9000
Sunday,11/16/2014,9:45 AM,11:15 AM,BellinghamSportsplex,Game,League,WesternWashingtonFemale Midget C1,RichmondGirls Midget C2,ML9505
Sunday,11/16/2014,1:30 PM,3:00 PM,Coliseum,Game,League,RichmondGirls Peewee A1,VancouverGirls Peewee A1,PL9003
Sunday,11/16/2014,3:15 PM,4:45 PM,Coliseum,Game,League,RichmondGirls Bantam A1,AbbotsfordFemale Bantam A1,BL9004
Sunday,11/16/2014,4:00 PM,5:15 PM,Hillcrest,Game,League,VancouverGirls Novice C1,RichmondGirls Novice C1,NL9001
Sunday,11/16/2014,4:00 PM,5:30 PM,Forum,Game,League,RichmondGirls Peewee A2,SurreyFemale Peewee A1,PL9004
Sunday,11/16/2014,5:45 PM,7:00 PM,Forum,Game,League,RichmondGirls Atom C2,MeadowRidgeFemale Atom C1,AL9323
Sunday,11/16/2014,5:45 PM,7:00 PM,Igloo,Game,League,RichmondGirls Peewee C1,LangleyGirls Peewee C2,PL9507
Monday,11/17/2014,7:45 PM,9:00 PM,Pond,Game,League,RichmondGirls Midget C2,MeadowRidgeFemale Midget C1,ML9508
Wednesday,11/19/2014,6:30 PM,7:45 PM,Coliseum,Game,League,RichmondGirls Peewee A1,NorthShoreFemale Peewee A1,PL9031
Wednesday,11/19/2014,6:45 PM,8:00 PM,Tilbury,Game,League,SouthDeltaFemale Atom C1,RichmondGirls Atom C3,AL9504
Thursday,11/20/2014,6:30 PM,8:00 PM,Garage,Game,League,RichmondGirls Midget C1,VancouverGirls Midget C1,ML9309
Friday,11/21/2014,6:15 PM,7:30 PM,Igloo,Game,League,RichmondGirls Atom C1,TriCitiesFemale Atom C1,AL9003
Friday,11/21/2014,7:45 PM,9:15 PM,Igloo,Game,League,RichmondGirls Bantam C2,SurreyFemale Bantam C2,BL9508
Friday,11/21/2014,8:00 PM,9:15 PM,WestVan,Game,League,NorthShoreFemale Bantam C1,RichmondGirls Bantam C1,BL9308
Friday,11/21/2014,8:30 PM,10:00 PM,Silver,Game,League,RichmondGirls Midget A1,SurreyFemale Midget A1,ML9010
Saturday,11/22/2014,9:00 AM,10:15 AM,LangleySportsplex1,Game,League,LangleyGirls Novice C1,RichmondGirls Novice C2,NL9002
Saturday,11/22/2014,10:00 AM,11:15 AM,Killarney,Game,League,VancouverGirls Bantam A1,RichmondGirls Bantam A1,BL9008
Saturday,11/22/2014,11:00 AM,12:15 PM,IceSportsNorthShoreRed,Game,League,NorthShoreFemale Peewee A1,RichmondGirls Peewee A1,PL9008
Saturday,11/22/2014,11:45 AM,1:00 PM,Pond,Game,League,RichmondGirls Atom C3,NorthShoreFemale Atom C3,AL9521
Saturday,11/22/2014,5:30 PM,6:45 PM,CoquitlamRec,Game,League,TriCitiesFemale Peewee A1,RichmondGirls Peewee A2,PL9009
Saturday,11/22/2014,5:45 PM,7:00 PM,Igloo,Game,League,RichmondGirls Bantam C1,TriCitiesFemale Bantam C1,BL9309
Sunday,11/23/2014,12:45 PM,2:00 PM,OvalNorth,Game,League,VancouverGirls Bantam C1,RichmondGirls Bantam C2,BL9513
Sunday,11/23/2014,1:30 PM,3:00 PM,Coliseum,Game,League,RichmondGirls Peewee A1,AbbotsfordFemale Peewee A1,PL9010
Sunday,11/23/2014,2:30 PM,4:00 PM,LangleyTwin1,Game,League,LangleyGirls Midget C2,RichmondGirls Midget C2,ML9514
Sunday,11/23/2014,3:15 PM,4:45 PM,Coliseum,Game,League,RichmondGirls Bantam A1,SurreyFemale Bantam A1,BL9009
Sunday,11/23/2014,4:15 PM,5:45 PM,LangleyTwin1,Game,League,LangleyGirls Midget C1,RichmondGirls Midget C1,ML9315
Sunday,11/23/2014,5:45 PM,7:00 PM,Forum,Game,League,RichmondGirls Atom C2,LangleyGirls Atom C1,AL9307
Sunday,11/23/2014,5:45 PM,7:00 PM,Igloo,Game,League,RichmondGirls Peewee C1,AbbotsfordFemale Peewee C1,PL9515
Monday,11/24/2014,7:45 PM,9:00 PM,Pond,Game,League,RichmondGirls Midget C2,SouthDeltaFemale Midget C1,ML9516
Tuesday,11/25/2014,6:45 PM,8:00 PM,PlanetIceCoquitlam3,Game,League,TriCitiesFemale Bantam C2,RichmondGirls Bantam C2,BL9514
Tuesday,11/25/2014,8:15 PM,9:30 PM,HarryJerome,Game,League,NorthShoreFemale Midget C1,RichmondGirls Midget C1,ML9316
Tuesday,11/25/2014,9:15 PM,10:30 PM,Killarney,Game,League,VancouverGirls Midget A1,RichmondGirls Midget A1,ML9014
Wednesday,11/26/2014,6:30 PM,7:45 PM,Coliseum,Game,League,RichmondGirls Peewee A2,VancouverGirls Peewee A1,PL9011
Thursday,11/27/2014,6:30 PM,8:00 PM,Garage,Game,League,RichmondGirls Midget C1,TriCitiesFemale Midget C3,ML9317
Thursday,11/27/2014,8:00 PM,9:15 PM,AbbotsfordMRC,Game,League,AbbotsfordFemale Bantam A1,RichmondGirls Bantam A1,BL9011
Friday,11/28/2014,6:15 PM,7:30 PM,Igloo,Game,League,RichmondGirls Atom C1,SurreyFemale Atom C1,AL9004
Friday,11/28/2014,7:45 PM,9:00 PM,Igloo,Game,League,RichmondGirls Bantam C1,NorthShoreFemale Bantam C1,BL9324
Friday,11/28/2014,8:30 PM,10:00 PM,Silver,Game,League,RichmondGirls Midget A1,NorthShoreFemale Midget A1,ML9017
Saturday,11/29/2014,11:15 AM,12:30 PM,IceSportsNorthShoreGreen,Game,League,NorthShoreFemale Atom C2,RichmondGirls Atom C2,AL9309
Saturday,11/29/2014,11:45 AM,1:00 PM,Pond,Game,League,RichmondGirls Atom C3,VancouverGirls Atom C1,AL9509
Saturday,11/29/2014,5:45 PM,7:00 PM,Igloo,Game,League,RichmondGirls Bantam C1,MeadowRidgeFemale Bantam C1,BL9312
Saturday,11/29/2014,8:45 PM,10:00 PM,CoquitlamMain,Game,League,TriCitiesFemale Midget A1,RichmondGirls Midget A1,ML9011
Sunday,11/30/2014,9:15 AM,10:15 AM,Igloo,Game,League,RichmondGirls Novice C1,SurreyFemale Novice C1,NL9004
Sunday,11/30/2014,4:00 PM,5:30 PM,Forum,Game,League,RichmondGirls Peewee A2,AbbotsfordFemale Peewee A1,PL9018
Sunday,11/30/2014,5:45 PM,7:00 PM,Igloo,Game,League,RichmondGirls Peewee C1,VancouverGirls Peewee C2,PL9523
Sunday,11/30/2014,7:00 PM,8:15 PM,PortMoody2,Game,League,TriCitiesFemale Midget C2,RichmondGirls Midget C2,ML9523
Monday,12/1/2014,7:45 PM,9:00 PM,Pond,Game,League,RichmondGirls Midget A1,SurreyFemale Midget A1,ML9052
Tuesday,12/2/2014,6:15 PM,7:30 PM,PlanetIceCoquitlam2,Game,League,TriCitiesFemale Peewee A1,RichmondGirls Peewee A2,PL9051
Wednesday,12/3/2014,6:00 PM,7:15 PM,Cloverdale,Game,League,SurreyFemale Peewee A1,RichmondGirls Peewee A2,PL9021
Wednesday,12/3/2014,6:30 PM,7:45 PM,Coliseum,Game,League,RichmondGirls Bantam A1,NorthShoreFemale Bantam A1,BL9014
Wednesday,12/3/2014,8:15 PM,9:45 PM,AbbotsfordMRC,Game,League,AbbotsfordFemale Midget A1,RichmondGirls Midget A1,ML9022
Friday,12/5/2014,6:15 PM,7:30 PM,Igloo,Game,League,RichmondGirls Atom C1,NorthShoreFemale Atom C1,AL9007
Friday,12/5/2014,7:45 PM,9:15 PM,Igloo,Game,League,RichmondGirls Bantam C2,AbbotsfordFemale Bantam C1,BL9522
Friday,12/5/2014,9:30 PM,10:45 PM,SurreyLeisure3,Game,League,SurreyFemale Midget C1,RichmondGirls Midget C2,ML9524
Saturday,12/6/2014,9:00 AM,10:15 AM,LangleySportsplex1,Game,League,LangleyGirls Novice C1,RichmondGirls Novice C1,NL9006
Saturday,12/6/2014,11:45 AM,1:00 PM,Pond,Game,League,RichmondGirls Atom C3,AbbotsfordFemale Atom C1,AL9513
Saturday,12/6/2014,4:45 PM,6:15 PM,GeorgePreston,Game,League,LangleyGirls Bantam C1,RichmondGirls Bantam C2,BL9525
Saturday,12/6/2014,5:45 PM,7:00 PM,Igloo,Game,League,RichmondGirls Bantam C1,SouthDeltaFemale Bantam C1,BL9318
Saturday,12/6/2014,6:45 PM,8:00 PM,NorthShoreWinterClub,Game,League,NorthShoreWinterClubFemale Midget C1,RichmondGirls Midget C1,ML9325
Sunday,12/7/2014,1:30 PM,3:00 PM,Coliseum,Game,League,RichmondGirls Peewee A1,SurreyFemale Peewee A1,PL9024
Sunday,12/7/2014,4:00 PM,5:30 PM,Forum,Game,League,RichmondGirls Peewee A2,NorthShoreFemale Peewee A1,PL9025
Sunday,12/7/2014,4:15 PM,5:30 PM,SurreyLeisure2,Game,League,SurreyFemale Bantam C1,RichmondGirls Bantam C1,BL9320
Sunday,12/7/2014,5:45 PM,7:00 PM,Forum,Game,League,RichmondGirls Atom C2,BurnabyFemale Atom C1,AL9315
Sunday,12/7/2014,5:45 PM,7:00 PM,Igloo,Game,League,RichmondGirls Peewee C1,VancouverGirls Peewee C1,PL9527
Monday,12/8/2014,7:45 PM,9:00 PM,Pond,Game,League,RichmondGirls Midget C2,VancouverGirls Midget C2,ML9500
Tuesday,12/9/2014,6:15 PM,7:30 PM,PlanetIceCoquitlam2,Game,League,TriCitiesFemale Peewee A1,RichmondGirls Peewee A1,PL9016
Wednesday,12/10/2014,6:00 PM,7:15 PM,PlanetIceCoquitlam4,Game,League,TriCitiesFemale Atom C1,RichmondGirls Atom C1,AL9009
Wednesday,12/10/2014,6:30 PM,7:45 PM,Coliseum,Game,League,RichmondGirls Bantam C2,TriCitiesFemale Bantam C2,BL9536
Thursday,12/11/2014,6:30 PM,8:00 PM,Garage,Game,League,RichmondGirls Midget C1,TriCitiesFemale Midget C1,ML9329
Thursday,12/11/2014,7:30 PM,9:00 PM,LangleySportsplex2,Game,League,LangleyGirls Peewee C2,RichmondGirls Peewee C1,PL9530
Thursday,12/11/2014,7:45 PM,9:00 PM,Agrodome,Game,League,VancouverGirls Midget C2,RichmondGirls Midget C2,ML9531
Friday,12/12/2014,7:30 PM,8:45 PM,IceSportsNorthShoreBlue,Game,League,NorthShoreFemale Bantam A1,RichmondGirls Bantam A1,BL9022
Friday,12/12/2014,7:45 PM,9:15 PM,Igloo,Game,League,RichmondGirls Bantam C2,VancouverGirls Bantam C1,BL9529
Friday,12/12/2014,7:45 PM,9:15 PM,SurreyLeisure3,Game,League,SurreyFemale Midget A1,RichmondGirls Midget A1,ML9030
Friday,12/12/2014,8:30 PM,10:00 PM,Silver,Game,League,RichmondGirls Midget C2,WesternWashingtonFemale Midget C1,ML9528
Saturday,12/13/2014,2:15 PM,3:30 PM,AbbotsfordCentreIceBlue,Game,League,AbbotsfordFemale Midget C1,RichmondGirls Midget C1,ML9332
Saturday,12/13/2014,3:30 PM,4:45 PM,NorthSurrey2,Game,League,SurreyFemale Bantam C2,RichmondGirls Bantam C2,BL9531
Saturday,12/13/2014,4:00 PM,5:30 PM,SurreyLeisure3,Game,League,SurreyFemale Atom C1,RichmondGirls Atom C1,AL9010
Saturday,12/13/2014,7:15 PM,8:30 PM,CoquitlamMain,Game,League,TriCitiesFemale Bantam C1,RichmondGirls Bantam C1,BL9325
Sunday,12/14/2014,9:00 AM,10:15 AM,Newton,Game,League,SurreyFemale Atom C2,RichmondGirls Atom C2,AL9318
Sunday,12/14/2014,9:15 AM,10:15 AM,Igloo,Game,League,RichmondGirls Novice C1,RichmondGirls Novice C2,NL9008
Sunday,12/14/2014,1:00 PM,2:15 PM,PlanetIceCoquitlam1,Game,League,TriCitiesFemale Atom C3,RichmondGirls Atom C3,AL9519
Sunday,12/14/2014,3:15 PM,4:45 PM,Coliseum,Game,League,RichmondGirls Bantam A1,AbbotsfordFemale Bantam A1,BL9024
Sunday,12/14/2014,4:45 PM,6:00 PM,AbbotsfordCentreIceBlue,Game,League,AbbotsfordFemale Peewee A1,RichmondGirls Peewee A1,PL9033
Sunday,12/14/2014,5:30 PM,6:45 PM,Hillcrest,Game,League,VancouverGirls Peewee A1,RichmondGirls Peewee A2,PL9034
Sunday,12/14/2014,5:45 PM,7:00 PM,Igloo,Game,League,RichmondGirls Peewee C1,SurreyFemale Peewee C1,PL9535
Monday,12/15/2014,6:45 PM,8:15 PM,PlanetIceMapleRidge1,Game,League,MeadowRidgeFemale Bantam C1,RichmondGirls Bantam C1,BL9327
Monday,12/15/2014,7:45 PM,9:00 PM,Pond,Game,League,RichmondGirls Midget C2,LangleyGirls Midget C2,ML9536
Thursday,12/18/2014,6:30 PM,8:00 PM,Garage,Game,League,RichmondGirls Midget C1,LangleyGirls Midget C1,ML9337
Thursday,12/18/2014,6:30 PM,7:45 PM,AbbotsfordMSA,Game,League,AbbotsfordFemale Peewee C1,RichmondGirls Peewee C1,PL9537
Thursday,12/18/2014,7:45 PM,9:00 PM,PlanetIceMapleRidge2,Game,League,MeadowRidgeFemale Midget C1,RichmondGirls Midget C2,ML9538
Friday,12/19/2014,7:45 PM,9:15 PM,Igloo,Game,League,RichmondGirls Bantam A1,SurreyFemale Bantam A1,BL9029
Friday,12/19/2014,8:30 PM,10:00 PM,BurnabyLake,Game,League,BurnabyFemale Bantam C1,RichmondGirls Bantam C2,BL9537
Friday,12/19/2014,8:30 PM,10:00 PM,Silver,Game,League,RichmondGirls Midget A1,VancouverGirls Midget A1,ML9038
Saturday,12/20/2014,10:00 AM,11:15 AM,Killarney,Game,League,VancouverGirls Bantam A1,RichmondGirls Bantam A1,BL9028
Saturday,12/20/2014,11:30 AM,12:45 PM,Killarney,Game,League,VancouverGirls Midget C1,RichmondGirls Midget C1,ML9339
Sunday,12/21/2014,10:30 AM,11:45 AM,Newton,Game,League,SurreyFemale Novice C1,RichmondGirls Novice C2,NL9010
Sunday,12/21/2014,1:00 PM,2:15 PM,IceSportsNorthShoreBlue,Game,League,NorthShoreFemale Peewee A1,RichmondGirls Peewee A1,PL9050
Sunday,12/21/2014,4:45 PM,6:00 PM,AbbotsfordCentreIceBlue,Game,League,AbbotsfordFemale Peewee A1,RichmondGirls Peewee A2,PL9040
Sunday,12/21/2014,5:15 PM,6:45 PM,WestVan,Game,League,NorthShoreFemale Midget A1,RichmondGirls Midget A1,ML9041
Wednesday,1/7/2015,6:00 PM,7:15 PM,Cloverdale,Game,League,SurreyFemale Peewee A1,RichmondGirls Peewee A1,PL9042
Thursday,1/8/2015,8:00 PM,9:15 PM,AbbotsfordMRC,Game,League,AbbotsfordFemale Bantam A1,RichmondGirls Bantam A1,BL9031
Saturday,1/10/2015,11:00 AM,12:15 PM,IceSportsNorthShoreRed,Game,League,NorthShoreFemale Peewee A1,RichmondGirls Peewee A2,PL9043
Saturday,1/10/2015,5:00 PM,6:30 PM,BellinghamSportsplex,Game,League,WesternWashingtonFemale Midget A1,RichmondGirls Midget A1,ML9047
Thursday,1/15/2015,7:30 PM,8:45 PM,SurreyLeisure1,Game,League,SurreyFemale Bantam A1,RichmondGirls Bantam A1,BL9035
Friday,1/16/2015,8:30 PM,10:00 PM,CoquitlamRec,Game,League,TriCitiesFemale Midget A1,RichmondGirls Midget A1,ML9053
Sunday,1/18/2015,3:15 PM,4:45 PM,Coliseum,Game,League,RichmondGirls Bantam A1,VancouverGirls Bantam A1,BL9039
Tuesday,1/20/2015,9:15 PM,10:30 PM,Killarney,Game,League,VancouverGirls Midget A1,RichmondGirls Midget A1,ML9056
Friday,1/23/2015,8:30 PM,10:00 PM,Silver,Game,League,RichmondGirls Midget A1,NorthShoreFemale Midget A1,ML9059
Saturday,1/24/2015,5:30 PM,6:45 PM,CoquitlamRec,Game,League,TriCitiesFemale Peewee A1,RichmondGirls Peewee A1,PL9058
Sunday,1/25/2015,1:30 PM,3:00 PM,Coliseum,Game,League,RichmondGirls Peewee A1,RichmondGirls Peewee A2,PL9059
Monday,1/1/0001,12:00 AM,12:00 AM,Unknown,Game,League,TriCitiesFemale Atom C2,RichmondGirls Atom C2,AL9300
Monday,1/1/0001,12:00 AM,12:00 AM,Unknown,Game,League,SurreyFemale Bantam A1,RichmondGirls Bantam A1,BL9015
Monday,1/1/0001,12:00 AM,12:00 AM,Unknown,Game,League,RichmondGirls Bantam A1,VancouverGirls Bantam A1,BL9019
Monday,1/1/0001,12:00 AM,12:00 AM,Unknown,Game,League,RichmondGirls Bantam A1,NorthShoreFemale Bantam A1,BL9034
Monday,1/1/0001,12:00 AM,12:00 AM,Unknown,Game,League,RichmondGirls Bantam C2,BurnabyFemale Bantam C1,BL9515
Monday,1/1/0001,12:00 AM,12:00 AM,Unknown,Game,League,RichmondGirls Midget A1,WesternWashingtonFemale Midget A1,ML9024
Monday,1/1/0001,12:00 AM,12:00 AM,Unknown,Game,League,RichmondGirls Midget A1,TriCitiesFemale Midget A1,ML9031
Monday,1/1/0001,12:00 AM,12:00 AM,Unknown,Game,League,RichmondGirls Novice C2,VancouverGirls Novice C1,NL9007
Monday,1/1/0001,12:00 AM,12:00 AM,Unknown,Game,League,RichmondGirls Novice C1,VancouverGirls Novice C1,NL9011
Monday,1/1/0001,12:00 AM,12:00 AM,Unknown,Game,League,RichmondGirls Peewee A1,RichmondGirls Peewee A2,PL9017
Monday,1/1/0001,12:00 AM,12:00 AM,Unknown,Game,League,VancouverGirls Peewee A1,RichmondGirls Peewee A1,PL9027
Monday,1/1/0001,12:00 AM,12:00 AM,Unknown,Game,League,RichmondGirls Peewee A2,TriCitiesFemale Peewee A1,PL9032
Monday,1/1/0001,12:00 AM,12:00 AM,Unknown,Game,League,RichmondGirls Peewee A1,TriCitiesFemale Peewee A1,PL9038
Monday,1/1/0001,12:00 AM,12:00 AM,Unknown,Game,League,RichmondGirls Peewee A2,RichmondGirls Peewee A1,PL9039
Monday,1/1/0001,12:00 AM,12:00 AM,Unknown,Game,League,RichmondGirls Peewee A1,VancouverGirls Peewee A1,PL9045
Monday,1/1/0001,12:00 AM,12:00 AM,Unknown,Game,League,RichmondGirls Peewee A2,SurreyFemale Peewee A1,PL9046
Monday,1/1/0001,12:00 AM,12:00 AM,Unknown,Game,League,RichmondGirls Peewee A1,AbbotsfordFemale Peewee A1,PL9052
Monday,1/1/0001,12:00 AM,12:00 AM,Unknown,Game,League,RichmondGirls Peewee A2,VancouverGirls Peewee A1,PL9053
Monday,1/1/0001,12:00 AM,12:00 AM,Unknown,Game,League,RichmondGirls Peewee A2,AbbotsfordFemale Peewee A1,PL9060
Monday,1/1/0001,12:00 AM,12:00 AM,Unknown,Game,League,SurreyFemale Peewee C1,RichmondGirls Peewee C1,PL9504
Monday,1/1/0001,12:00 AM,12:00 AM,Unknown,Game,League,NorthShoreFemale Peewee C2,RichmondGirls Peewee C1,PL9513
Monday,1/1/0001,12:00 AM,12:00 AM,Unknown,Game,League,TriCitiesFemale Peewee C2,RichmondGirls Peewee C1,PL9522
